{"train": [0.5886671687617446, 0.4940551320711772, 0.4518610532536651, 0.42375349727543915, 0.40214168619025836, 0.3846593824299899, 0.36290677614284284, 0.34706838925679523, 0.3330983198953397, 0.3126990352616166, 0.30024779136433744, 0.28638145395300607, 0.2724935229529034, 0.2635429456378474, 0.25119263611056586], "val": [0.5315814057985941, 0.4859744946161906, 0.4709308246771495, 0.47096083958943685, 0.4792037864526113, 0.47973137895266216, 0.4875380635261536, 0.4890774269898733, 0.4866418182849884, 0.4850253144900004, 0.49111382762591044, 0.5108754793802898, 0.5075249373912811, 0.5183545430501302, 0.5106784343719483]}